FPS,Time,RAM Usage
1.2019985329998235,0.027875603768890558,2350.7578125
1.2019985329998235,0.1838625934870262,2377.296875
1.2019985329998235,9.24087229350799,2381.15234375
1.2019985329998235,10.368708405358877,2383.86328125
1.2019985329998235,10.568588352799772,2384.1484375
1.2019985329998235,10.385297707752093,2384.21875
1.2019985329998235,10.599722529713057,2384.36328125
1.2019985329998235,10.647277316479109,2380.04296875
1.2019985329998235,10.511249115870408,2380.1328125
1.2019985329998235,10.210033267518668,2381.16796875
1.2019985329998235,10.555235103417457,2379.21875
1.2019985329998235,10.105881934180784,2374.31640625
1.2019985329998235,10.432392391731515,2375.3515625
1.2019985329998235,10.787500818574854,2375.46875
1.2019985329998235,10.795635510641977,2376.84375
1.2019985329998235,10.703679580671693,2376.84375
1.2019985329998235,10.322759128997067,2376.84375
1.2019985329998235,10.576273612366276,2376.796875
1.2019985329998235,10.63149942945197,2376.9296875
1.2019985329998235,10.612840521286529,2376.9296875
1.2019985329998235,10.716290203327295,2376.9296875
1.2019985329998235,10.262320214190323,2376.9296875
1.2019985329998235,10.227680002364064,2376.9296875
1.2019985329998235,10.630932733355253,2378.265625
1.2019985329998235,10.43519375037922,2378.3046875
1.2019985329998235,10.414705970055259,2378.3046875
1.2019985329998235,10.48226690655319,2378.3046875
1.2019985329998235,10.635043466757349,2378.3046875
1.2019985329998235,10.7326526177022,2378.3046875
1.2019985329998235,10.290133244185458,2378.3046875
1.2019985329998235,10.713906407212685,2377.99609375
1.2019985329998235,10.388713128601184,2377.99609375
1.2019985329998235,10.522386206861754,2377.99609375
1.2019985329998235,10.146550409458758,2377.99609375
1.2019985329998235,10.555848710667137,2377.99609375
1.2019985329998235,10.677089162253544,2377.99609375
1.2019985329998235,10.592068665722888,2377.99609375
1.2019985329998235,10.37339096210906,2371.62890625
1.2019985329998235,10.865672847776763,2371.62890625
1.2019985329998235,10.620222889784676,2371.62890625
1.2019985329998235,10.482627857957157,2371.62890625
1.2019985329998235,10.447309704396297,2371.62890625
1.2019985329998235,10.623318900223575,2371.62890625
1.2019985329998235,10.523107148089244,2371.62890625
1.2019985329998235,10.647860041971466,2371.62890625
1.2019985329998235,10.279119529420221,2371.62890625
1.2019985329998235,10.389186275304924,2371.62890625
1.2019985329998235,10.775254694205932,2371.62890625
1.2019985329998235,7.585471720479611,2379.76953125
1.2019985329998235,8.880402740947707,2372.22265625
1.2019985329998235,9.01843068541615,2372.22265625
1.2019985329998235,9.491858725038078,2372.22265625
1.2019985329998235,9.091318167167813,2372.71875
1.2019985329998235,8.256932782921782,2372.71875
1.2019985329998235,8.39083213988399,2372.71875
1.2019985329998235,9.07567093215675,2372.72265625
1.2019985329998235,10.111365866666446,2372.72265625
1.2019985329998235,10.662208638272823,2372.72265625
1.2019985329998235,10.480789067129388,2372.72265625
1.2019985329998235,9.99221186023907,2372.72265625
1.2019985329998235,10.172233981646814,2372.72265625
1.2019985329998235,9.86636883493277,2367.26953125
1.2019985329998235,10.69703669746227,2367.26953125
1.2019985329998235,10.232375565399177,2367.26953125
1.2019985329998235,9.949027530414225,2367.26953125
1.2019985329998235,10.090187721455836,2367.26953125
1.2019985329998235,10.407015470548616,2367.26953125
1.2019985329998235,9.59321968423893,2367.03515625
1.2019985329998235,10.485320024364137,2367.03515625
1.2019985329998235,9.855685571397988,2367.03515625
1.2019985329998235,10.368622525037951,2367.03515625
1.2019985329998235,9.712309900788082,2367.03515625
1.2019985329998235,10.352100011104747,2367.03515625
1.2019985329998235,10.310626220896848,2367.03515625
1.2019985329998235,10.465805436869232,2367.03515625
1.2019985329998235,10.570519364816366,2367.03515625
1.2019985329998235,10.134823567127848,2367.03515625
1.2019985329998235,10.390256199849983,2367.03515625
1.2019985329998235,9.81664050852797,2367.03515625
1.2019985329998235,9.945726686650266,2367.03515625
1.2019985329998235,9.784442719247545,2367.03515625
1.2019985329998235,10.107689111612945,2367.03515625
1.2019985329998235,9.86493684130909,2367.03515625
1.2019985329998235,9.51141583193331,2367.03515625
1.2019985329998235,9.66710305903119,2367.03515625
1.2019985329998235,9.749774931807263,2367.03515625
1.2019985329998235,10.210557276054407,2367.03515625
1.2019985329998235,9.885913825936427,2367.03515625
1.2019985329998235,10.161944535756277,2367.03515625
1.2019985329998235,9.75767104968993,2367.03515625
1.2019985329998235,9.986404698383796,2367.03515625
1.2019985329998235,9.421214374540451,2367.03515625
1.2019985329998235,9.898769510986176,2367.03515625
1.2019985329998235,9.84594385428799,2367.03515625
1.2019985329998235,10.117556933356392,2367.03515625
1.2019985329998235,9.90241443877249,2367.03515625
1.2019985329998235,9.455640095144952,2367.03515625
1.2019985329998235,9.66630428046347,2367.03515625
1.2019985329998235,9.659851148708366,2367.03515625
1.2019985329998235,9.816161166758437,2367.03515625
1.2019985329998235,10.25246903524362,2367.03515625
1.2019985329998235,9.894228549755061,2367.03515625
1.2019985329998235,10.332954558218848,2367.03515625
1.2019985329998235,9.883483367494796,2367.03515625
1.2019985329998235,10.128161152744076,2367.03515625
1.2019985329998235,9.827968111062583,2367.03515625
1.2019985329998235,9.867990727085443,2367.03515625
1.2019985329998235,9.86922948212235,2367.03515625
1.2019985329998235,10.527074665634915,2367.03515625
1.2019985329998235,10.162415362011222,2367.03515625
1.2019985329998235,10.17906714170488,2367.03515625
1.2019985329998235,10.72804201087135,2367.03515625
1.2019985329998235,9.861065826356706,2367.03515625
1.2019985329998235,9.879271069324764,2367.03515625
1.2019985329998235,10.654983442451902,2367.03515625
1.2019985329998235,9.933700742845181,2367.03515625
1.2019985329998235,10.389122701866944,2367.03515625
1.2019985329998235,10.61674243527102,2367.03515625
1.2019985329998235,10.686124438710491,2367.03515625
1.2019985329998235,9.861915675640734,2367.03515625
1.2019985329998235,10.371380211756483,2367.03515625
1.2019985329998235,9.457668660124078,2367.03515625
1.2019985329998235,9.397623498144602,2367.03515625
1.2019985329998235,10.068591612167896,2367.03515625
1.2019985329998235,9.717076464753722,2367.03515625
1.2019985329998235,9.797326699869608,2367.21484375
1.2019985329998235,9.22928274545111,2367.21484375
1.2019985329998235,9.749691414465403,2367.21484375
1.2019985329998235,9.770742674562044,2368.5859375
1.2019985329998235,9.947865983609198,2368.71484375
1.2019985329998235,8.848855173610536,2370.61328125
1.2019985329998235,9.789066420407377,2370.6640625
1.2019985329998235,9.92482640719356,2370.671875
1.2019985329998235,8.666543206301371,2370.77734375
1.2019985329998235,9.861998072782079,2370.77734375
1.2019985329998235,9.935143245797482,2370.77734375
1.2019985329998235,9.7844312214489,2370.77734375
1.2019985329998235,9.76249353719196,2370.77734375
1.2019985329998235,9.90638133809109,2370.77734375
1.2019985329998235,7.856490659923945,2370.77734375
1.2019985329998235,9.736911655766143,2370.77734375
1.2019985329998235,9.650372057838759,2370.77734375
1.2019985329998235,9.83618172778855,2370.78125
1.2019985329998235,9.543016926660506,2370.78125
1.2019985329998235,9.910006910128505,2370.78125
1.2019985329998235,9.92683500709196,2370.78125
1.2019985329998235,9.77118364889379,2370.78125
1.2019985329998235,9.88043005883985,2370.78125
1.2019985329998235,10.07387244846819,2370.78125
1.2019985329998235,9.934031020598606,2370.78125
1.2019985329998235,9.888978211743494,2371.0
1.2019985329998235,9.975505973050522,2371.0
1.2019985329998235,9.98680308886118,2371.0
1.2019985329998235,9.94534524580353,2371.0
1.2019985329998235,9.827872170187979,2371.0
1.2019985329998235,10.13477539418434,2371.0
1.2019985329998235,9.98350159472174,2371.0
1.2019985329998235,9.81647849995801,2371.0
1.2019985329998235,9.798988920921694,2371.0
1.2019985329998235,10.20463685766775,2371.0
1.2019985329998235,9.739924193544864,2371.0
1.2019985329998235,9.892989364249956,2371.0
1.2019985329998235,9.848693681827225,2371.0
1.2019985329998235,10.158885026461393,2371.0
1.2019985329998235,10.102758277108682,2371.0
1.2019985329998235,10.011584869025905,2371.0
1.2019985329998235,9.979185295558981,2371.0
1.2019985329998235,10.105285601879572,2371.0
1.2019985329998235,9.697537895109319,2371.0
1.2019985329998235,10.217591886178246,2371.0
1.2019985329998235,9.964257500881223,2371.0
1.2019985329998235,9.798271856256443,2371.0
1.2019985329998235,9.718534628189863,2371.0
1.2019985329998235,9.904028164552502,2371.0
1.2019985329998235,10.209732966095636,2371.0
1.2019985329998235,9.950369002219626,2371.0
1.2019985329998235,10.148208374451645,2371.0
1.2019985329998235,9.896400961511985,2371.0
1.2019985329998235,9.71943911752848,2371.0
1.2019985329998235,10.050609735682317,2371.0
1.2019985329998235,9.837601107185693,2371.0
1.2019985329998235,9.673888853499102,2371.0
1.2019985329998235,9.7242359453638,2371.0
1.2019985329998235,9.516346071101772,2371.0
1.2019985329998235,9.963826298732565,2371.0
1.2019985329998235,9.91298451582945,2371.0
1.2019985329998235,9.586610248021293,2371.0
1.2019985329998235,9.698667793802521,2371.0
1.2019985329998235,9.422589136837736,2371.0
1.2019985329998235,10.007357609461456,2371.0
1.2019985329998235,10.032440040797564,2371.0
1.2019985329998235,9.792462131825351,2371.0
1.2019985329998235,9.61446215396259,2371.0
1.2019985329998235,9.53992784973452,2371.0
1.2019985329998235,9.847194747358362,2371.0
1.2019985329998235,9.600119474640369,2371.0
1.2019985329998235,9.83339108483919,2371.0
1.2019985329998235,10.076143058944057,2371.0
1.2019985329998235,9.952016244208181,2371.0
1.2019985329998235,9.707061548791717,2371.0
1.2019985329998235,9.79210185847731,2371.0
1.2019985329998235,10.324826106509928,2371.0
1.2019985329998235,7.545210249038457,2368.4609375
1.2019985329998235,9.809052289595641,2368.4609375
1.2019985329998235,10.074702757779724,2368.4609375
1.2019985329998235,9.871777856519062,2368.4609375
1.2019985329998235,9.89623727918382,2368.4609375
1.2019985329998235,9.881351363217536,2368.4609375
1.2019985329998235,10.111912795098624,2368.4609375
1.2019985329998235,9.526523485183102,2368.46484375
1.2019985329998235,9.767586214941385,2368.46484375
1.2019985329998235,10.104845367696239,2368.46484375
1.2019985329998235,9.980347458291837,2368.46484375
1.2019985329998235,9.754693056476976,2368.46484375
1.2019985329998235,9.952583731392957,2368.46484375
1.2019985329998235,10.090225169860162,2368.46484375
1.2019985329998235,9.965969115567091,2368.46484375
1.2019985329998235,9.921015383700837,2368.46484375
1.2019985329998235,10.022410656905574,2368.46484375
1.2019985329998235,9.92775774210055,2368.46484375
1.2019985329998235,10.21000959453225,2368.46484375
1.2019985329998235,10.21196609463662,2368.46484375
1.2019985329998235,10.531420232808454,2368.46484375
1.2019985329998235,9.996667770744699,2368.46484375
1.2019985329998235,8.737036807522943,2368.46484375
1.2019985329998235,9.241061854376861,2368.515625
1.2019985329998235,10.249740766817656,2368.578125
1.2019985329998235,9.828877580245779,2368.578125
1.2019985329998235,9.638675371534823,2368.578125
1.2019985329998235,10.14887348376338,2368.66015625
1.2019985329998235,10.131701583617,2368.66015625
1.2019985329998235,9.53282402549536,2368.6640625
1.2019985329998235,9.865680944125456,2368.6640625
1.2019985329998235,10.518853935942017,2369.7578125
1.2019985329998235,10.349513972662955,2370.03125
1.2019985329998235,10.357225168500877,2370.03125
1.2019985329998235,10.106956462486659,2370.03125
1.2019985329998235,10.253564832418524,2370.03125
1.2019985329998235,9.96620359701562,2370.03125
1.2019985329998235,10.455847907113105,2370.03125
1.2019985329998235,10.572221538843982,2370.03125
1.2019985329998235,9.777041596094604,2370.03125
1.2019985329998235,10.234934015232037,2370.03125
1.2019985329998235,10.061119572720461,2370.03125
1.2019985329998235,10.292776521670065,2370.03125
1.2019985329998235,10.103923046250966,2370.03125
1.2019985329998235,10.409907994468432,2370.03125
1.2019985329998235,10.347697469820591,2370.03125
1.2019985329998235,10.14066884143851,2370.03125
1.2019985329998235,9.943633430046333,2370.03125
1.2019985329998235,9.840429939956303,2370.03125
1.2019985329998235,10.386100196752368,2370.03125
1.2019985329998235,10.47425701812434,2370.03125
1.2019985329998235,10.56728701175535,2370.03125
1.2019985329998235,10.310071694589437,2370.03125
1.2019985329998235,10.522352769344508,2370.03125
1.2019985329998235,10.738663477541328,2370.03125
1.2019985329998235,9.989067455132673,2370.03125
1.2019985329998235,9.632466126902218,2370.03125
1.2019985329998235,9.907698454489717,2370.03125
1.2019985329998235,9.969404863506321,2370.03125
1.2019985329998235,9.865428744774436,2370.03125
1.2019985329998235,10.349389967157062,2370.03125
1.2019985329998235,10.536846424705228,2370.03125
1.2019985329998235,10.640145007689455,2370.03125
1.2019985329998235,10.440991091069895,2370.03125
1.2019985329998235,10.124966040287784,2370.03125
1.2019985329998235,9.52406342627047,2370.03125
1.2019985329998235,10.09192479242902,2370.03125
1.2019985329998235,9.736887423042338,2370.03125
1.2019985329998235,10.119555352405207,2370.03125
1.2019985329998235,9.682836230158092,2370.03125
1.2019985329998235,10.100917949844773,2370.03125
1.2019985329998235,9.73190766543539,2370.03125
1.2019985329998235,10.078981898362168,2370.03125
1.2019985329998235,9.712415031557358,2370.03125
1.2019985329998235,10.457695633114605,2370.03125
1.2019985329998235,9.416778260667288,2370.03125
1.2019985329998235,10.201958177391486,2370.03125
1.2019985329998235,9.64956854598287,2370.03125
1.2019985329998235,10.135522196283603,2370.03125
1.2019985329998235,10.132025636382371,2370.03125
1.2019985329998235,9.80054739389465,2370.03125
1.2019985329998235,9.697787216906905,2370.03125
1.2019985329998235,9.930804468340993,2370.03125
1.2019985329998235,9.784376863364528,2370.03125
1.2019985329998235,9.67094915604941,2370.03125
1.2019985329998235,10.562211744037253,2370.03125
1.2019985329998235,9.947525024887641,2370.03125
1.2019985329998235,9.769522113889515,2370.03125
1.2019985329998235,9.7206956504241,2370.03125
1.2019985329998235,9.6736384662925,2370.03125
1.2019985329998235,9.469108782017987,2370.03125
1.2019985329998235,9.894361229657289,2370.03125
1.2019985329998235,9.72469661049562,2370.03125
1.2019985329998235,9.68120695529648,2370.03125
1.2019985329998235,10.149283822798074,2370.03125
1.2019985329998235,9.792912472435221,2370.03125
1.2019985329998235,9.900855535601172,2370.03125
1.2019985329998235,9.95889276795281,2370.03125
1.2019985329998235,10.210560991343606,2370.03125
1.2019985329998235,10.322591194182525,2370.03125
1.2019985329998235,9.558682647782511,2370.03125
1.2019985329998235,9.727272558638212,2370.03125
1.2019985329998235,9.985659853512406,2370.03125
1.2019985329998235,9.928912392882896,2370.03125
1.2019985329998235,9.39816804668015,2370.03125
1.2019985329998235,9.53893679676248,2370.03125
1.2019985329998235,9.676806937821155,2370.03125
1.2019985329998235,9.799335892538172,2370.03125
1.2019985329998235,9.830019286832288,2370.03125
1.2019985329998235,10.379439342940726,2370.03125
1.2019985329998235,9.7979107329039,2370.03125
1.2019985329998235,10.341187173870814,2370.03125
1.2019985329998235,10.729181583986927,2370.03125
1.2019985329998235,9.774625100607851,2370.03125
1.2019985329998235,9.793170558781064,2370.03125
1.2019985329998235,10.15937913928238,2370.03125
1.2019985329998235,9.951693742151033,2370.03125
1.2019985329998235,10.304138931866145,2370.03125
1.2019985329998235,10.362878313606993,2370.03125
1.2019985329998235,10.47075586470388,2370.03125
1.2019985329998235,10.549738227427845,2370.03125
1.2019985329998235,10.439419737875632,2370.03125
1.2019985329998235,10.188460614900086,2370.03125
1.2019985329998235,9.910278767807975,2370.03125
1.2019985329998235,10.605935255883683,2370.03125
1.2019985329998235,9.897838999465298,2370.03125
1.2019985329998235,9.705195590180795,2370.03125
1.2019985329998235,10.122645652642479,2370.03125
1.2019985329998235,10.317908734816848,2370.03125
1.2019985329998235,10.523356299437436,2370.03125
1.2019985329998235,10.599127617409671,2370.03125
1.2019985329998235,10.158813516704926,2370.03125
1.2019985329998235,10.345327113083627,2370.03125
1.2019985329998235,10.154267218501497,2370.03125
1.2019985329998235,10.312632826709194,2370.03125
1.2019985329998235,10.54524364406601,2370.03125
1.2019985329998235,9.913190478463495,2370.03125
1.2019985329998235,10.124224818363494,2370.03125
1.2019985329998235,9.692721037798922,2370.03125
1.2019985329998235,10.081515264796039,2370.03125
1.2019985329998235,9.961560221840069,2370.03125
1.2019985329998235,9.799453968740567,2370.03125
1.2019985329998235,10.232376393495066,2370.03125
1.2019985329998235,9.870924289807695,2370.03125
1.2019985329998235,10.109230576415829,2370.03125
1.2019985329998235,10.205460070322697,2370.03125
1.2019985329998235,10.208527408459457,2370.03125
1.2019985329998235,9.904309513634095,2370.03125
1.2019985329998235,9.705548658479922,2370.03125
1.2019985329998235,10.165440802452679,2370.03125
1.2019985329998235,9.600077365871947,2370.03125
1.2019985329998235,9.840273516700803,2370.03125
1.2019985329998235,10.108614257353457,2370.03125
1.2019985329998235,9.907282508406821,2370.03125
1.2019985329998235,9.980096354516178,2370.03125
1.2019985329998235,9.909673101754537,2370.03125
1.2019985329998235,9.931088218574232,2370.03125
1.2019985329998235,10.407680235982813,2370.03125
1.2019985329998235,10.541262795752306,2370.03125
1.2019985329998235,9.880281723072542,2370.03125
1.2019985329998235,10.025446643354808,2370.03125
1.2019985329998235,10.376047026742162,2370.03125
1.2019985329998235,9.908112423001738,2370.03125
1.2019985329998235,10.231694080106516,2370.03125
1.2019985329998235,9.945585187207772,2370.03125
1.2019985329998235,10.213968337105927,2370.03125
1.2019985329998235,9.877952659574566,2370.03125
1.2019985329998235,10.513426650339927,2370.03125
1.2019985329998235,9.914004281138523,2370.03125
1.2019985329998235,10.194814064355349,2370.03125
1.2019985329998235,10.503103057297855,2370.03125
1.2019985329998235,10.366075379349201,2370.03125
1.2019985329998235,10.163512201216736,2370.03125
1.2019985329998235,9.969505207685307,2370.03125
1.2019985329998235,10.263478007950559,2370.03125
1.2019985329998235,10.171559467718417,2370.03125
1.2019985329998235,9.914729833447153,2370.03125
1.2019985329998235,9.985778334384083,2370.03125
1.2019985329998235,10.453106274329249,2370.03125
1.2019985329998235,9.89259505674629,2370.03125
1.2019985329998235,10.33911306766459,2370.03125
1.2019985329998235,10.111181522519294,2370.03125
1.2019985329998235,10.338259281738218,2370.03125
1.2019985329998235,10.138285999840772,2370.03125
1.2019985329998235,9.964657124919173,2370.03125
1.2019985329998235,10.113640812488633,2370.03125
1.2019985329998235,10.052795022146759,2371.40234375
1.2019985329998235,10.255820745136477,2371.40234375
1.2019985329998235,10.323434158844213,2371.40234375
1.2019985329998235,10.586421020457072,2371.40234375
1.2019985329998235,10.167151172553897,2371.40234375
1.2019985329998235,10.25197396679072,2371.40234375
1.2019985329998235,9.715905948198412,2371.40234375
1.2019985329998235,10.184930335593371,2371.40234375
1.2019985329998235,10.450356319528117,2371.40234375
1.2019985329998235,10.361596137268167,2371.40234375
1.2019985329998235,9.918816451272392,2371.40234375
1.2019985329998235,10.071983403245417,2371.40234375
1.2019985329998235,9.960521661643709,2371.40234375
1.2019985329998235,10.057182101994623,2371.40234375
1.2019985329998235,9.794085387879354,2371.40234375
1.2019985329998235,10.52779409325494,2371.40234375
1.2019985329998235,9.74551765586588,2371.40234375
1.2019985329998235,10.153499675820532,2371.40234375
1.2019985329998235,9.953275452297389,2371.40625
1.2019985329998235,9.75565769978286,2371.40625
1.2019985329998235,10.0615938946999,2371.40625
1.2019985329998235,10.080976987290741,2371.40625
1.2019985329998235,10.442556136639356,2371.40625
1.2019985329998235,9.919697341939813,2371.40625
1.2019985329998235,10.196881839512427,2371.40625
1.2019985329998235,10.295521835113984,2371.40625
1.2019985329998235,9.822790860967261,2371.40625
1.2019985329998235,10.569639599255572,2371.40625
1.2019985329998235,10.351379058380749,2371.40625
1.2019985329998235,9.997442924031638,2371.40625
1.2019985329998235,10.360331139730313,2371.40625
1.2019985329998235,10.346003774404405,2371.40625
1.2019985329998235,10.176943688880412,2371.40625
1.2019985329998235,10.260630518323715,2371.40625
1.2019985329998235,10.220645468585072,2371.40625
1.2019985329998235,10.191293799505612,2371.40625
1.2019985329998235,10.22525850345999,2371.40625
1.2019985329998235,10.586769016421885,2371.40625
1.2019985329998235,10.493918011792136,2371.40625
1.2019985329998235,9.898385539762664,2371.40625
1.2019985329998235,9.780695293977763,2371.40625
1.2019985329998235,9.548848122307177,2371.40625
1.2019985329998235,10.18576025623364,2371.40625
1.2019985329998235,10.161324982830394,2371.40625
1.2019985329998235,10.488746574695295,2371.40625
1.2019985329998235,10.734155332832628,2371.40625
1.2019985329998235,10.283504370772944,2371.40625
1.2019985329998235,10.448850948222178,2371.40625
1.2019985329998235,10.209284645888005,2371.40625
1.2019985329998235,9.862398835074497,2371.40625
1.2019985329998235,9.999085583622106,2371.40625
1.2019985329998235,10.273806814460489,2371.40625
1.2019985329998235,10.35895354235455,2371.40625
1.2019985329998235,10.12510375700141,2371.40625
1.2019985329998235,9.843327729239116,2371.40625
1.2019985329998235,9.989909881331869,2371.40625
1.2019985329998235,9.849815354081128,2371.40625
1.2019985329998235,10.28064858451387,2371.40625
1.2019985329998235,9.823934348331274,2371.40625
1.2019985329998235,9.78940004937419,2371.40625
1.2019985329998235,10.393207445577316,2371.40625
1.2019985329998235,10.21115951966083,2371.40625
1.2019985329998235,10.124100049533569,2371.40625
1.2019985329998235,10.326044643718376,2371.40625
1.2019985329998235,10.406001658050787,2371.40625
1.2019985329998235,10.20074216705253,2371.40625
1.2019985329998235,9.98450453819507,2371.40625
1.2019985329998235,10.316976487737026,2371.40625
1.2019985329998235,9.64835485298276,2371.40625
1.2019985329998235,9.966893935207358,2371.40625
1.2019985329998235,10.017630519725234,2371.40625
1.2019985329998235,10.421328365665019,2371.40625
1.2019985329998235,9.918923798034614,2371.40625
1.2019985329998235,10.17895452459607,2371.40625
1.2019985329998235,10.23450374249705,2371.40625
1.2019985329998235,9.76864202219524,2371.40625
1.2019985329998235,10.27523609848859,2371.40625
1.2019985329998235,9.77989715538426,2371.40625
1.2019985329998235,10.083329173122117,2371.40625
1.2019985329998235,9.740403357447375,2371.40625
1.2019985329998235,10.322303249458784,2371.40625
1.2019985329998235,10.033980979643687,2371.40625
1.2019985329998235,9.697089136896473,2371.40625
1.2019985329998235,9.731279390210805,2371.40625
1.2019985329998235,10.109207786636233,2371.40625
1.2019985329998235,9.712870388665579,2371.40625
1.2019985329998235,9.895060665149522,2371.40625
1.2019985329998235,9.949288090582128,2371.40625
1.2019985329998235,10.4288691348602,2371.40625
1.2019985329998235,10.221615695500962,2371.40625
1.2019985329998235,9.936475190017603,2371.40625
1.2019985329998235,9.914047242784154,2371.40625
1.2019985329998235,9.886616984179343,2371.40625
1.2019985329998235,10.095455060641541,2371.40625
1.2019985329998235,10.13325585188273,2371.40625
1.2019985329998235,10.054546784651814,2372.78125
1.2019985329998235,9.713216392395575,2372.78125
1.2019985329998235,10.2836457610891,2372.78125
1.2019985329998235,10.158886827822355,2372.78125
1.2019985329998235,10.395226747754336,2372.78125
1.2019985329998235,10.46676767389464,2372.78125
1.2019985329998235,9.861607671137797,2372.78125
1.2019985329998235,9.401367704579869,2372.78125
1.2019985329998235,9.706330920178114,2372.78125
1.2019985329998235,9.7567033618253,2372.78125
1.2019985329998235,10.086970631058495,2372.78125
1.2019985329998235,9.633489694021161,2372.78125
1.2019985329998235,9.98206627961347,2372.78125
1.2019985329998235,9.670392495148953,2372.78125
1.2019985329998235,10.114516556451747,2372.78125
1.2019985329998235,9.651076598051915,2372.78125
1.2019985329998235,10.344711041197144,2372.78125
1.2019985329998235,10.187513296091929,2372.78125
1.2019985329998235,10.26337059204688,2372.78125
1.2019985329998235,10.402524631447106,2372.78125
1.2019985329998235,9.626151113681255,2372.78125
1.2019985329998235,10.126888467107923,2372.78125
1.2019985329998235,10.043288775013673,2372.78125
1.2019985329998235,9.831501368562828,2372.78125
1.2019985329998235,9.42838500084581,2372.78125
1.2019985329998235,9.919273829514136,2372.78125
1.2019985329998235,10.05812063061548,2372.78125
1.2019985329998235,9.8873839329262,2372.78125
1.2019985329998235,9.88674465083319,2372.78125
1.2019985329998235,9.9341764646369,2372.78125
1.2019985329998235,9.508964897582787,2372.78125
1.2019985329998235,9.94217054973867,2372.78125
1.2019985329998235,9.925983312228405,2372.78125
1.2019985329998235,10.127161071955689,2372.78125
1.2019985329998235,9.369047905350799,2372.78125
1.2019985329998235,10.139300858796165,2372.78125
1.2019985329998235,10.196153678621796,2372.78125
1.2019985329998235,9.636761463427012,2372.78125
1.2019985329998235,10.541801655755599,2372.78125
1.2019985329998235,10.119866357853322,2372.78125
1.2019985329998235,10.265402873758509,2372.78125
1.2019985329998235,10.083056981946624,2372.78125
1.2019985329998235,10.17317047304333,2372.78125
1.2019985329998235,9.74263318488229,2372.78125
1.2019985329998235,9.953897161608817,2372.78125
1.2019985329998235,9.784880890703558,2372.78125
1.2019985329998235,9.692091245694327,2372.78125
1.2019985329998235,9.806976614905691,2372.78125
1.2019985329998235,9.873079636031234,2372.78125
1.2019985329998235,9.76724632473777,2372.78125
1.2019985329998235,9.719773704578747,2372.78125
1.2019985329998235,9.751837882076648,2372.78125
1.2019985329998235,9.955515749066642,2372.78125
1.2019985329998235,9.73840747302246,2372.78125
1.2019985329998235,9.979947829743447,2372.78125
1.2019985329998235,9.986778533863692,2372.78125
1.2019985329998235,9.817524268251548,2372.78125
1.2019985329998235,10.073031151635101,2372.78125
1.2019985329998235,9.78722470720735,2372.78125
1.2019985329998235,10.150774641878638,2372.78125
1.2019985329998235,10.158544946616358,2372.78125
1.2019985329998235,9.727785803685734,2372.78125
1.2019985329998235,9.646566762148105,2372.78125
1.2019985329998235,10.06972177405468,2372.78125
1.2019985329998235,9.826107136355617,2372.78125
1.2019985329998235,9.55267047033191,2372.78125
1.2019985329998235,9.56232782795823,2372.78125
1.2019985329998235,9.942016588417967,2372.78125
1.2019985329998235,9.720390715655356,2372.78125
1.2019985329998235,9.358332275038128,2372.78125
1.2019985329998235,9.659829798800896,2372.65625
1.2019985329998235,9.577525256640167,2372.65625
1.2019985329998235,9.796934894114331,2372.65625
1.2019985329998235,9.73125760029404,2372.65625
1.2019985329998235,9.831110217169677,2372.65625
1.2019985329998235,9.943851724843414,2372.65625
1.2019985329998235,9.937838600918756,2372.65625
1.2019985329998235,9.841060457245533,2372.65625
1.2019985329998235,9.854576458656155,2372.65625
1.2019985329998235,9.497815242730493,2372.65625
1.2019985329998235,9.981448001638668,2372.65625
1.2019985329998235,9.843506738800356,2372.65625
1.2019985329998235,10.094267843824998,2372.65625
1.2019985329998235,10.115709350662879,2372.65625
1.2019985329998235,9.940372042121151,2372.65625
1.2019985329998235,9.994659273863329,2372.65625
1.2019985329998235,9.86823032960581,2372.65625
1.2019985329998235,10.367754907661697,2372.65625
1.2019985329998235,9.908872175150496,2372.65625
1.2019985329998235,10.4239972341376,2372.65625
1.2019985329998235,9.727471112945342,2372.65625
1.2019985329998235,10.107370393541554,2372.65625
1.2019985329998235,10.065811317579541,2372.65625
1.2019985329998235,9.840160477512063,2372.65625
1.2019985329998235,9.961866761028142,2372.65625
1.2019985329998235,9.782855809524644,2372.65625
1.2019985329998235,9.955573918409574,2372.65625
1.2019985329998235,9.792302301126858,2372.65625
1.2019985329998235,10.211649364743012,2372.65625
1.2019985329998235,10.266633842187215,2372.65625
1.2019985329998235,9.468053096908815,2372.65625
1.2019985329998235,8.480398024502184,2372.65625
1.2019985329998235,8.75360953508657,2372.65625
1.2019985329998235,9.117674114447299,2371.765625
1.2019985329998235,8.929431639341301,2369.91015625
1.2019985329998235,9.78404748237039,2369.8359375
1.2019985329998235,9.887795423411164,2369.8359375
1.2019985329998235,10.162005378046723,2369.8359375
1.2019985329998235,9.876461759548087,2369.8359375
1.2019985329998235,10.345425392882376,2369.8359375
1.2019985329998235,9.623259735963783,2369.8359375
1.2019985329998235,10.013338321928886,2369.8359375
1.2019985329998235,9.853581921284787,2369.8359375
1.2019985329998235,9.996594719987588,2369.8359375
1.2019985329998235,9.976422919240608,2369.8359375
1.2019985329998235,9.828487149574878,2369.8359375
1.2019985329998235,10.581078795620598,2369.8359375
1.2019985329998235,9.915763683677731,2369.8359375
1.2019985329998235,9.843108721466331,2369.8359375
1.2019985329998235,10.162155529547483,2369.8359375
1.2019985329998235,9.575373869632616,2369.8359375
1.2019985329998235,10.127734989540658,2369.8359375
1.2019985329998235,10.325361896755306,2369.8359375
1.2019985329998235,9.985336722745572,2369.8359375
1.2019985329998235,9.635108247104203,2369.8359375
1.2019985329998235,9.733207497362558,2369.8359375
1.2019985329998235,9.59341286801368,2369.8359375
1.2019985329998235,10.02809820241007,2369.8359375
1.2019985329998235,9.401334674957964,2369.8359375
1.2019985329998235,10.171206867334668,2369.8359375
1.2019985329998235,10.390442841958789,2369.8359375
1.2019985329998235,9.400245587430478,2369.8359375
1.2019985329998235,8.362993689366792,2369.8359375
1.2019985329998235,9.312320993618158,2369.8359375
1.2019985329998235,9.486589639252184,2369.8359375
1.2019985329998235,9.33392376125821,2369.8359375
1.2019985329998235,9.206397793915954,2369.8359375
1.2019985329998235,9.357592742796784,2369.8359375
1.2019985329998235,10.11316723313777,2369.8359375
1.2019985329998235,9.81867197664082,2369.8359375
1.2019985329998235,9.87451469685805,2369.8359375
1.2019985329998235,9.669164274645766,2369.8359375
1.2019985329998235,10.06278404237561,2369.8359375
1.2019985329998235,9.660734985045934,2369.8359375
1.2019985329998235,9.741648282548473,2369.8359375
1.2019985329998235,10.25480184452259,2369.8359375
1.2019985329998235,9.609409641543866,2369.8359375
1.2019985329998235,9.506192747001084,2369.8359375
1.2019985329998235,10.08316143307475,2369.8359375
1.2019985329998235,9.661508312341226,2369.8359375
1.2019985329998235,9.437829931375175,2369.8359375
1.2019985329998235,9.64834374726782,2369.8359375
1.2019985329998235,9.394589115751858,2369.8359375
1.2019985329998235,10.202237772188129,2369.8359375
1.2019985329998235,10.166222544452474,2369.8359375
1.2019985329998235,9.910491843276779,2369.8359375
1.2019985329998235,9.497722797962467,2369.8359375
1.2019985329998235,10.295209604059774,2369.8359375
1.2019985329998235,10.590158412519967,2369.8359375
1.2019985329998235,10.583282459414857,2369.8359375
1.2019985329998235,9.778528015997814,2369.8359375
1.2019985329998235,9.874205397883568,2369.8359375
1.2019985329998235,10.31874926027521,2369.8359375
1.2019985329998235,9.993757579216515,2369.8359375
1.2019985329998235,9.775007756929304,2369.8359375
1.2019985329998235,9.998775040071342,2369.8359375
1.2019985329998235,9.88473939171444,2369.8359375
1.2019985329998235,10.50923182131635,2369.8359375
1.2019985329998235,9.877913825298112,2369.8359375
1.2019985329998235,9.549807665535775,2369.8359375
1.2019985329998235,10.12796626449001,2369.8359375
1.2019985329998235,10.341682311040596,2369.8359375
1.2019985329998235,9.948343544495412,2369.8359375
1.2019985329998235,10.250159379493919,2369.8359375
1.2019985329998235,10.328036445863223,2369.8359375
1.2019985329998235,10.287223738334957,2369.8359375
1.2019985329998235,10.412830406395257,2369.8359375
1.2019985329998235,10.174840180224942,2369.8359375
1.2019985329998235,10.081141393281388,2369.8359375
1.2019985329998235,9.908574239455932,2369.8359375
1.2019985329998235,9.688257855797449,2369.8359375
1.2019985329998235,9.39670666254877,2369.8359375
1.2019985329998235,9.870554361908074,2369.8359375
1.2019985329998235,0.21426214352156053,2394.1171875
1.2019985329998235,9.259645566529352,2394.16015625
1.2019985329998235,8.784931334564828,2394.16015625
1.2019985329998235,9.588819923847561,2394.16015625
1.2019985329998235,9.81464894143358,2394.16015625
1.2019985329998235,9.879451271488682,2394.16015625
1.2019985329998235,7.354319536825747,2402.25
1.2019985329998235,10.064578332965347,2402.25
1.2019985329998235,10.138002041304118,2402.25
1.2019985329998235,9.858150131378837,2402.25
1.2019985329998235,9.631639794944864,2402.13671875
1.2019985329998235,9.630016722064175,2402.203125
1.2019985329998235,9.368319676662324,2402.19921875
1.2019985329998235,10.135786954020036,2402.19140625
1.2019985329998235,9.733039060866028,2403.57421875
1.2019985329998235,9.601941841412094,2403.57421875
1.2019985329998235,9.386510892437437,2403.5546875
1.2019985329998235,9.810221914352152,2403.5546875
1.2019985329998235,10.152743578387739,2403.57421875
1.2019985329998235,9.58641698889265,2403.5703125
1.2019985329998235,9.466327763799983,2404.92578125
1.2019985329998235,9.791580807355475,2404.92578125
1.2019985329998235,9.298809437722237,2404.92578125
1.2019985329998235,9.980838775737645,2404.92578125
1.2019985329998235,9.561194468016904,2404.92578125
1.2019985329998235,9.797592765551025,2404.92578125
1.2019985329998235,10.01549558325204,2404.92578125
1.2019985329998235,9.811134965141594,2404.92578125
1.2019985329998235,9.78662599073392,2404.92578125
1.2019985329998235,9.878620539865164,2404.92578125
1.2019985329998235,9.727299109034282,2404.92578125
1.2019985329998235,9.684078195733353,2404.92578125
1.2019985329998235,9.775804801392717,2404.92578125
1.2019985329998235,9.877901355460013,2404.92578125
1.2019985329998235,9.769235657981023,2404.92578125
1.2019985329998235,9.932713938361584,2404.92578125
1.2019985329998235,10.267793251680294,2404.92578125
1.2019985329998235,10.0452096715493,2404.92578125
1.2019985329998235,9.953719930337595,2404.92578125
1.2019985329998235,9.606279405056714,2404.92578125
1.2019985329998235,10.059762929871901,2404.92578125
1.2019985329998235,10.089204906714441,2404.92578125
1.2019985329998235,10.387282823953257,2404.92578125
1.2019985329998235,9.491080526918797,2404.92578125
1.2019985329998235,9.693904627678048,2404.95703125
1.2019985329998235,9.767643487342756,2404.95703125
1.2019985329998235,9.716334122398269,2404.95703125
1.2019985329998235,9.579575480615375,2404.95703125
1.2019985329998235,9.910898210393547,2404.95703125
1.2019985329998235,9.540518160367016,2404.95703125
1.2019985329998235,9.98194712230838,2404.95703125
1.2019985329998235,9.675072884380754,2404.95703125
1.2019985329998235,10.039954647555595,2404.95703125
1.2019985329998235,9.750675205739583,2404.95703125
1.2019985329998235,9.922255664002455,2404.95703125
1.2019985329998235,10.139342224128619,2404.95703125
1.2019985329998235,10.112992836707887,2404.95703125
1.2019985329998235,9.642312962394659,2404.95703125
1.2019985329998235,9.996636121946132,2404.95703125
1.2019985329998235,9.909523916099227,2404.95703125
1.2019985329998235,9.993321345243556,2404.95703125
1.2019985329998235,9.796500978454604,2404.95703125
1.2019985329998235,9.88809235525604,2404.95703125
1.2019985329998235,10.01825154209859,2404.95703125
1.2019985329998235,10.40511140617189,2404.95703125
1.2019985329998235,10.538543121526418,2404.95703125
1.2019985329998235,9.900448397449177,2404.95703125
1.2019985329998235,10.2145778979098,2404.95703125
1.2019985329998235,8.89762255792194,2404.95703125
1.2019985329998235,9.558203453615242,2404.95703125
1.2019985329998235,9.606365365205916,2404.95703125
1.2019985329998235,9.304724391278077,2404.95703125
1.2019985329998235,9.844602237706077,2404.95703125
1.2019985329998235,9.33710040890302,2404.95703125
1.2019985329998235,9.24875189781055,2404.95703125
1.2019985329998235,9.72004168746777,2404.95703125
1.2019985329998235,10.488879913116904,2404.95703125
1.2019985329998235,9.438217823005159,2404.95703125
1.2019985329998235,10.155151287639514,2404.95703125
1.2019985329998235,10.105729903747733,2404.95703125
1.2019985329998235,9.869592102460176,2404.95703125
1.2019985329998235,9.70059843098371,2404.95703125
1.2019985329998235,9.805763283245561,2404.95703125
1.2019985329998235,9.666514612714066,2404.95703125
1.2019985329998235,9.51574157965361,2404.95703125
1.2019985329998235,9.433121861981848,2404.9765625
1.2019985329998235,9.318263634864621,2404.9765625
1.2019985329998235,9.648852942140941,2404.9765625
1.2019985329998235,9.873974260201841,2404.9765625
1.2019985329998235,8.898566970327826,2400.58203125
1.2019985329998235,9.313164059797415,2400.58203125
1.2019985329998235,9.81213104197852,2400.58203125
1.2019985329998235,9.450695549784873,2400.58203125
1.2019985329998235,9.60369832737453,2400.58203125
1.2019985329998235,9.88928429027499,2400.58203125
1.2019985329998235,9.592015486601175,2400.58203125
1.2019985329998235,10.17952886399359,2400.58203125
1.2019985329998235,10.379085433297822,2400.58203125
1.2019985329998235,10.44140082251053,2400.58203125
1.2019985329998235,10.56990412193062,2400.58203125
1.2019985329998235,9.202741711732255,2400.58203125
1.2019985329998235,9.74321912602452,2400.58203125
1.2019985329998235,9.356569557939586,2400.58203125
1.2019985329998235,9.435890292493886,2400.58203125
1.2019985329998235,9.584466049492486,2400.6015625
1.2019985329998235,0.02204927179767702,2400.921875
1.2019985329998235,8.575400754226774,2400.91796875
1.2019985329998235,9.429830761725809,2400.91796875
1.2019985329998235,10.084826954191715,2400.91796875
1.2019985329998235,10.161692133913922,2400.91796875
1.2019985329998235,9.915106452038238,2400.91796875
1.2019985329998235,9.88630025102369,2400.91796875
1.2019985329998235,9.490234817421694,2400.91796875
1.2019985329998235,9.476726852340791,2402.29296875
1.2019985329998235,10.074680584771261,2402.29296875
1.2019985329998235,9.83177289922594,2402.29296875
1.2019985329998235,9.740995473218954,2402.29296875
1.2019985329998235,10.354664504500825,2403.66796875
1.2019985329998235,10.238190468115581,2403.66796875
1.2019985329998235,10.147534253282487,2403.66796875
1.2019985329998235,9.996672267750645,2403.66796875
1.2019985329998235,9.8691590027636,2403.66796875
1.2019985329998235,10.062195077240235,2403.66796875
1.2019985329998235,10.063570283516839,2403.66796875
1.2019985329998235,10.02220723412479,2403.66796875
1.2019985329998235,10.145899220629413,2403.66796875
1.2019985329998235,9.62653638389275,2403.66796875
1.2019985329998235,9.82665325732385,2403.66796875
1.2019985329998235,9.883857903680612,2403.66796875
1.2019985329998235,10.277937489914995,2403.6875
1.2019985329998235,9.963580999168743,2403.6875
1.2019985329998235,0.04242761174360213,2403.734375
1.2019985329998235,8.65283624305572,2397.61328125
1.2019985329998235,9.302067018541818,2396.40234375
1.2019985329998235,9.572259597811852,2396.40234375
1.2019985329998235,9.324459228080675,2396.40234375
1.2019985329998235,9.114138195500667,2396.40234375
1.2019985329998235,8.667949340823476,2396.40234375
1.2019985329998235,8.540040595688321,2396.40234375
1.2019985329998235,9.262879132386983,2396.40234375
1.2019985329998235,9.239772502054343,2396.40234375
1.2019985329998235,9.487639560577431,2396.40234375
1.2019985329998235,9.656137256358543,2396.40234375
1.2019985329998235,9.148127744131836,2396.40234375
1.2019985329998235,7.940868126970986,2396.546875
1.2019985329998235,0.6464714023232816,2396.6015625
1.2019985329998235,8.521754332094444,2396.609375
1.2019985329998235,8.838144861293957,2396.609375
1.2019985329998235,7.297433237136671,2384.453125
1.2019985329998235,7.426365329675144,2381.53515625
1.2019985329998235,9.557499454518556,2381.53515625
1.2019985329998235,9.753708482859453,2381.53515625
1.2019985329998235,10.003117698971435,2381.53515625
1.2019985329998235,9.39551417151375,2381.53515625
1.2019985329998235,9.467259213207647,2381.53515625
1.2019985329998235,8.873213010689366,2381.53515625
1.2019985329998235,8.714097029464908,2381.53515625
1.2019985329998235,9.220595551901777,2381.53515625
1.2019985329998235,9.831074804471376,2381.53515625
1.2019985329998235,8.809511328685183,2381.53515625
1.2019985329998235,8.613860142959634,2381.53515625
1.2019985329998235,9.515730261000133,2381.53515625
1.2019985329998235,8.984337756722482,2381.53515625
1.2019985329998235,9.14529697848946,2381.53515625
1.2019985329998235,8.763450153031675,2381.53515625
1.2019985329998235,9.342694032606573,2381.53515625
1.2019985329998235,8.491705360229828,2381.640625
1.2019985329998235,7.587577188789256,2381.640625
1.2019985329998235,9.633033165770698,2381.640625
1.2019985329998235,9.343332633943875,2381.640625
1.2019985329998235,9.187321789558878,2381.640625
1.2019985329998235,8.966759219296772,2381.640625
1.2019985329998235,8.905460177981679,2381.640625
1.2019985329998235,8.9355811526402,2381.640625
1.2019985329998235,9.415916899252569,2381.640625
1.2019985329998235,8.75544130612473,2381.640625
1.2019985329998235,9.375359571406788,2381.640625
1.2019985329998235,9.653993907479139,2381.640625
1.2019985329998235,9.484971663271203,2381.640625
1.2019985329998235,8.639180671162382,2381.640625
1.2019985329998235,8.787076732212576,2381.640625
1.2019985329998235,8.75180185743068,2381.640625
1.2019985329998235,9.916545093461261,2381.640625
1.2019985329998235,9.80770263030046,2381.640625
1.2019985329998235,10.252348147022513,2381.640625
1.2019985329998235,10.113532930089077,2381.66015625
1.2019985329998235,9.871537799104274,2381.66015625
1.2019985329998235,0.08199215167287083,2381.69140625
1.2019985329998235,8.573077378326989,2381.77734375
1.2019985329998235,8.846566651907025,2381.77734375
1.2019985329998235,8.878651700878804,2381.77734375
1.2019985329998235,7.444800648894023,2381.77734375
1.2019985329998235,9.924180531039951,2381.77734375
1.2019985329998235,9.642903022067761,2381.77734375
1.2019985329998235,8.904794549363064,2381.77734375
1.2019985329998235,9.088400865776336,2381.77734375
1.2019985329998235,9.271841044536366,2381.77734375
1.2019985329998235,9.830559280904012,2381.77734375
1.2019985329998235,7.844077544470468,2381.77734375
1.2019985329998235,9.299688907645168,2381.77734375
1.2019985329998235,9.94294822810514,2383.1484375
1.2019985329998235,9.30406220407995,2383.1484375
1.2019985329998235,9.962815891835344,2383.1484375
1.2019985329998235,9.544915732356364,2383.1484375
1.2019985329998235,0.17178889115741186,2368.80859375
1.2019985329998235,8.602754839536162,2368.80859375
1.2019985329998235,9.279924999199169,2368.80859375
1.2019985329998235,9.91898171765625,2368.80859375
1.2019985329998235,9.79078697832657,2367.92578125
1.2019985329998235,9.468572827736386,2366.9140625
1.2019985329998235,9.682689961578005,2366.9140625
1.2019985329998235,10.016327551800266,2366.9140625
1.2019985329998235,9.96809631030942,2366.9140625
1.2019985329998235,9.896317067891365,2366.9140625
1.2019985329998235,10.134024696886717,2366.9140625
1.2019985329998235,10.288511756114184,2366.890625
1.2019985329998235,9.963524181073215,2366.890625
1.2019985329998235,9.553149064230148,2366.890625
1.2019985329998235,9.364660718069478,2366.890625
1.2019985329998235,9.802443081512932,2366.91015625
1.2019985329998235,10.055662378633954,2366.91015625
1.2019985329998235,0.1060109432762365,2366.96484375
1.2019985329998235,8.77294054255916,2366.94921875
1.2019985329998235,8.979234702638077,2366.94921875
1.2019985329998235,9.197374478116,2366.94921875
1.2019985329998235,9.503698638504853,2366.94921875
1.2019985329998235,7.389285615476103,2366.94921875
1.2019985329998235,9.463255844037443,2365.03515625
1.2019985329998235,8.603583078417062,2365.03515625
1.2019985329998235,7.764565997760495,2363.26953125
1.2019985329998235,8.81933831521029,2363.26953125
1.2019985329998235,9.690042911329547,2363.26953125
1.2019985329998235,9.695442202964353,2363.26953125
1.2019985329998235,8.913446062233005,2363.26953125
1.2019985329998235,9.31712078785403,2363.26953125
1.2019985329998235,9.435163200208525,2363.26953125
1.2019985329998235,7.568394781865746,2363.26953125
1.2019985329998235,8.744075843682088,2358.6484375
1.2019985329998235,8.40070857960769,2307.8046875
1.2019985329998235,5.561630529732686,2215.05859375
1.2019985329998235,9.167874842064071,2215.05859375
1.2019985329998235,8.328932101963849,2215.05859375
1.2019985329998235,9.521954112103959,2215.05859375
1.2019985329998235,9.817076817298913,2215.05859375
1.2019985329998235,8.872734001955507,2215.05859375
1.2019985329998235,7.869494359480421,2215.05859375
1.2019985329998235,8.493784044041039,2215.05859375
1.2019985329998235,8.433741073693788,2215.05859375
1.2019985329998235,7.56428929658221,2215.12890625
1.2019985329998235,9.528313566707224,2215.12890625
1.2019985329998235,9.775816785428185,2215.12890625
1.2019985329998235,8.96445981636872,2215.12890625
1.2019985329998235,9.801158746891652,2215.12890625
1.2019985329998235,10.199243803958437,2215.12890625
1.2019985329998235,9.982146212784947,2215.12890625
1.2019985329998235,9.928237212197446,2215.12890625
1.2019985329998235,9.909455413185633,2215.12890625
1.2019985329998235,10.183275934095612,2215.12890625
1.2019985329998235,9.700789865666152,2215.12890625
1.2019985329998235,10.169744650212706,2215.12890625
1.2019985329998235,9.726856400576189,2215.12890625
1.2019985329998235,9.69996319261603,2215.12890625
1.2019985329998235,9.938223841588577,2215.12890625
1.2019985329998235,9.374941725945469,2215.12890625
1.2019985329998235,10.157724107248631,2215.12890625
1.2019985329998235,10.114200095297393,2215.12890625
1.2019985329998235,9.779437988199364,2215.12890625
1.2019985329998235,10.105622022943326,2215.12890625
1.2019985329998235,10.59448742294671,2215.12890625
1.2019985329998235,9.830950262821068,2215.12890625
1.2019985329998235,10.028461219663264,2215.12890625
1.2019985329998235,10.268052485471395,2215.12890625
1.2019985329998235,9.97057828914698,2215.12890625
1.2019985329998235,10.048703664104933,2215.12890625
1.2019985329998235,9.783474816041272,2215.12890625
1.2019985329998235,9.998931824113832,2215.12890625
1.2019985329998235,9.646964221767615,2215.12890625
1.2019985329998235,9.507134959803148,2215.12890625
1.2019985329998235,9.605664154307018,2215.12890625
1.2019985329998235,9.793421858623736,2215.12890625
1.2019985329998235,9.899562572283328,2215.1484375
1.2019985329998235,10.102497478074788,2216.5234375
1.2019985329998235,9.54160308691145,2216.52734375
1.2019985329998235,9.857137898161373,2216.52734375
1.2019985329998235,9.782384048518853,2216.52734375
1.2019985329998235,9.829321759901493,2216.52734375
1.2019985329998235,9.786488867223284,2216.52734375
1.2019985329998235,9.992565231689886,2216.50390625
1.2019985329998235,0.41016510512014503,2216.80078125
1.2019985329998235,9.334594649899483,2216.8046875
1.2019985329998235,10.1192158247261,2216.8046875
1.2019985329998235,9.694842002312926,2216.8046875
1.2019985329998235,9.558899305478706,2216.8046875
1.2019985329998235,8.861960851497242,2216.8046875
1.2019985329998235,9.749111119674991,2216.8046875
1.2019985329998235,9.634026187417339,2216.8046875
1.2019985329998235,10.08677286656372,2216.8046875
1.2019985329998235,9.471970368163547,2216.8046875
1.2019985329998235,9.838678717160105,2216.8046875
1.2019985329998235,9.393045969817225,2216.8046875
1.2019985329998235,9.86570597789067,2216.8046875
1.2019985329998235,9.429830655016845,2216.8046875
1.2019985329998235,8.97122782798918,2216.8046875
1.2019985329998235,9.664020396310068,2216.8046875
1.2019985329998235,7.621113565030003,2216.8046875
1.2019985329998235,9.546492827223723,2216.8046875
1.2019985329998235,9.439829109039216,2216.8046875
1.2019985329998235,9.711508717803232,2216.8046875
1.2019985329998235,10.138309546966022,2216.8046875
1.2019985329998235,9.71492056214076,2216.8046875
1.2019985329998235,9.174297491818487,2216.8046875
1.2019985329998235,8.240740412211142,2216.8046875
1.2019985329998235,9.97761875890566,2216.8046875
1.2019985329998235,8.582904429624607,2216.8046875
1.2019985329998235,9.755858927911014,2216.8046875
1.2019985329998235,8.77134176850404,2216.8046875
1.2019985329998235,8.694447736690819,2216.8046875
1.2019985329998235,9.524816315034617,2216.8046875
1.2019985329998235,8.983721765669655,2216.8046875
1.2019985329998235,9.792744897659443,2216.8046875
1.2019985329998235,9.33520665414557,2216.8046875
1.2019985329998235,9.731330726157928,2216.8046875
1.2019985329998235,9.82983578159675,2216.8046875
1.2019985329998235,7.485132300424735,2216.8203125
1.2019985329998235,6.45711107677038,2216.8203125
1.2019985329998235,7.141572373986931,2216.8203125
1.2019985329998235,6.6423155267537854,2194.640625
1.2019985329998235,6.429654442189509,2194.640625
1.2019985329998235,7.452702407001152,2194.640625
1.2019985329998235,7.215220691315337,2194.55859375
1.2019985329998235,7.319688196289693,2165.609375
1.2019985329998235,5.500939689771901,2086.5078125
1.2019985329998235,6.3197840428671554,2012.60546875
1.2019985329998235,3.675896509828023,1979.59375
1.2019985329998235,9.586841454215861,1977.98046875
1.2019985329998235,8.337639206738746,1967.90625
1.2019985329998235,9.77760586139512,1965.12890625
1.2019985329998235,9.96812905051158,1965.12890625
1.2019985329998235,8.717443939203024,1953.9765625
1.2019985329998235,4.937584025028249,1945.80859375
1.2019985329998235,5.368676283739745,1924.22265625
1.2019985329998235,7.161745286891411,1866.79296875
1.2019985329998235,4.417336268732588,1817.6171875
1.2019985329998235,5.820296455346743,1815.9296875
1.2019985329998235,6.736900079480412,1801.84765625
1.2019985329998235,5.9139069803322455,1771.3203125
1.2019985329998235,4.181997667987502,1707.234375
1.2019985329998235,3.0747294112243977,1696.29296875
1.2019985329998235,4.394078593822044,1684.734375
1.2019985329998235,3.429233890913887,1642.9140625
1.2019985329998235,3.856024899123681,1623.40625
1.2019985329998235,4.951038524021624,1576.4921875
1.2019985329998235,3.864816607042435,1576.4921875
1.2019985329998235,4.141650353038294,1576.4921875
1.2019985329998235,4.1601832256511395,1567.83984375
1.2019985329998235,5.44362333898399,1567.83984375
1.2019985329998235,5.529843722809388,1567.91796875
1.2019985329998235,6.13723046696616,1567.4296875
1.2019985329998235,8.105437505191473,1561.90234375
1.2019985329998235,8.877899443536636,1561.90234375
1.2019985329998235,5.734497502336368,1421.29296875
1.2019985329998235,3.5154579546380025,1313.55859375
1.2019985329998235,4.289544217524603,1313.66015625
1.2019985329998235,4.159738853858263,1315.9921875
